100,1001,IC
100,1101,Rescue 1
100,1102,Rescue 2
100,1103,Rescue 3
100,1201,Trans 1
100,1202,Trans 2
100,1301,Snowcat1
100,1302,Snowcat2
100,2001,Radio 1
100,2002,Radio 2
100,2003,Radio 3
100,2004,Radio 4
100,2005,Radio 5
100,2006,Radio 6
100,2007,Radio 7
100,2008,Radio 8
100,2009,Radio 9
100,2010,Radio 10
100,2011,Radio 11
100,2012,Radio 12
100,2013,Radio 13
100,2014,Radio 14
100,2015,Radio 15
100,2016,Radio 16
100,2017,Radio 17
100,2018,Radio 18
100,2019,Radio 19
100,2020,Radio 20
100,2021,Radio 21
100,2022,Radio 22
100,2023,Radio 23
100,2024,Radio 24
100,2025,Radio 25
100,2026,Radio 26
100,2027,Radio 27
100,2028,Radio 28
100,2029,Radio 29
100,2030,Radio 30
100,2031,Radio 31
100,2032,Radio 32
100,2033,Radio 33
100,2034,Radio 34
100,2035,Radio 35
100,3001,SAR 1
100,3002,SAR 2
100,3003,SAR 3
100,3004,SAR 4
100,3005,SAR 5
100,3006,SAR 6
100,3007,SAR 7
100,3008,SAR 8
100,3009,SAR 9
100,3010,SAR 10
100,3035,SAR 35
100,4001,SAR 1 m
100,4002,SAR 2 m
100,4003,SAR 3 m
100,4004,SAR 4 m
100,4005,SAR 5 m
100,4006,SAR 6 m
100,4007,SAR 7 m
100,4008,SAR 8 m
100,4009,SAR 9 m
100,4010,SAR 10 m
